SET DATEFORMAT ymd;  
GO

--INSERT ZDRAVSTVENI RADNIK--

INSERT INTO Projekat.ZdravstveniRadnik (JMBG_ZdravRad, ImePrzZdravRad, KontaktZdravRad, EmailZdravRad, Plata, DatumRodjZdravRad, MestoBoravka, DatumZaposljavanja)
VALUES (0101990870045, 'Marko Marković', '0641234567', 'marko@email.com', '5000', '1990-01-01', 'Beograd', '2010-05-30');

INSERT INTO Projekat.ZdravstveniRadnik (JMBG_ZdravRad, ImePrzZdravRad, KontaktZdravRad, EmailZdravRad, DatumRodjZdravRad, MestoBoravka, DatumZaposljavanja)
VALUES (1505985805548, 'Ana Anić', '0659876543', 'ana@email.com', '1985-05-15', 'Novi Sad', '2015-01-01');

INSERT INTO Projekat.ZdravstveniRadnik (JMBG_ZdravRad, ImePrzZdravRad, KontaktZdravRad, EmailZdravRad, DatumRodjZdravRad, DatumZaposljavanja)
VALUES (2010988804474, 'Jovan Jovanović', '0631112223', 'jovan@email.com', '1988-10-20', '2013-08-23');

INSERT INTO Projekat.ZdravstveniRadnik (JMBG_ZdravRad, ImePrzZdravRad, KontaktZdravRad, EmailZdravRad, Plata, DatumRodjZdravRad, MestoBoravka, DatumZaposljavanja)
VALUES (1203992725578, 'Milica Petrović', '0641234566', 'milica@email.com', '4500', '1992-03-12', 'Kragujevac', '2020-08-05');

INSERT INTO Projekat.ZdravstveniRadnik (JMBG_ZdravRad, ImePrzZdravRad, KontaktZdravRad, EmailZdravRad, Plata, DatumRodjZdravRad, MestoBoravka, DatumZaposljavanja)
VALUES (0707987802451, 'Nikola Nikolić', '0639990001', 'nikola@email.com', '6000', '1987-07-07', 'Novi Sad', '2013-11-21');

INSERT INTO Projekat.ZdravstveniRadnik (JMBG_ZdravRad, ImePrzZdravRad, KontaktZdravRad, EmailZdravRad, Plata, DatumRodjZdravRad, MestoBoravka, DatumZaposljavanja)
VALUES (1002995873452, 'Petar Petrović', '0641412223', 'petar@email.com', '4000', '1995-02-10', 'Beograd', '2014-03-17');

INSERT INTO Projekat.ZdravstveniRadnik (JMBG_ZdravRad, ImePrzZdravRad, KontaktZdravRad, EmailZdravRad, Plata, DatumRodjZdravRad, MestoBoravka, DatumZaposljavanja)
VALUES (2209993806541, 'Marija Marić', '0641456567', 'marija@email.com', '5500', '1993-09-22', 'Novi Sad', '2012-09-15');

INSERT INTO Projekat.ZdravstveniRadnik (JMBG_ZdravRad, ImePrzZdravRad, KontaktZdravRad, EmailZdravRad, Plata, DatumRodjZdravRad, MestoBoravka, DatumZaposljavanja)
VALUES (0506991725123, 'Jelena Jelić', '0657778889', 'jelena@email.com', '6000', '1991-06-05', 'Kragujevac', '2010-12-28');

INSERT INTO Projekat.ZdravstveniRadnik (JMBG_ZdravRad, ImePrzZdravRad, KontaktZdravRad, EmailZdravRad, Plata, DatumRodjZdravRad, MestoBoravka, DatumZaposljavanja)
VALUES (1812994826457, 'Sara Sarić', '0635554443', 'sara@email.com', '3500', '1994-12-18','Subotica', '2023-01-19');

INSERT INTO Projekat.ZdravstveniRadnik (JMBG_ZdravRad, ImePrzZdravRad, KontaktZdravRad, EmailZdravRad, Plata, DatumRodjZdravRad, MestoBoravka, DatumZaposljavanja)
VALUES (1909001852245, 'Vuk Stojic', '0695467844', 'vuk@email.com', '7000', '2001-09-19', 'Zrenjanin', '2022-03-12');


INSERT INTO Projekat.ZdravstveniRadnik (JMBG_ZdravRad, ImePrzZdravRad, KontaktZdravRad, EmailZdravRad, Plata, DatumRodjZdravRad, MestoBoravka, DatumZaposljavanja)
VALUES (2507996871234, 'Ivana Ivanović', '0646665554', 'ivana@email.com', '3500', '1996-07-25', 'Beograd', '2016-01-11');

INSERT INTO Projekat.ZdravstveniRadnik (JMBG_ZdravRad, ImePrzZdravRad, KontaktZdravRad, EmailZdravRad, Plata, DatumRodjZdravRad, MestoBoravka)
VALUES (1211000820021, 'Nemanja Nemanjic', '0635557483', 'nemanja@email.com', '2300', '2000-11-12','Subotica');


INSERT INTO Projekat.ZdravstveniRadnik (JMBG_ZdravRad, ImePrzZdravRad, KontaktZdravRad, EmailZdravRad, Plata, DatumRodjZdravRad, MestoBoravka, DatumZaposljavanja)
VALUES (0405997802145, 'Milena Milenković', '0649998887', 'milena@email.com', '4000', '1997-05-04', 'Novi Sad', '2010-05-10');

INSERT INTO Projekat.ZdravstveniRadnik (JMBG_ZdravRad, ImePrzZdravRad, KontaktZdravRad, EmailZdravRad, Plata, DatumRodjZdravRad, MestoBoravka, DatumZaposljavanja)
VALUES (2708991853222, 'Lazar Lazarević', '0653332221', 'lazar@email.com', 5000, '1989-08-27', 'Kragujevac', '2014-09-10');

INSERT INTO Projekat.ZdravstveniRadnik (JMBG_ZdravRad, ImePrzZdravRad, KontaktZdravRad, EmailZdravRad, Plata, DatumRodjZdravRad, MestoBoravka, DatumZaposljavanja)
VALUES (0901994800765, 'Ana Anđelić', '0641112223', 'anaa@email.com', '5700', '1994-01-09', 'Beograd', '2018-03-05');

INSERT INTO Projekat.ZdravstveniRadnik (JMBG_ZdravRad, ImePrzZdravRad, KontaktZdravRad, EmailZdravRad, DatumRodjZdravRad, DatumZaposljavanja)
VALUES (3112996872534, 'Stefan Stefanović', '0635557778', 'stefan@email.com', '1996-12-31', '2021-06-01');

INSERT INTO Projekat.ZdravstveniRadnik (JMBG_ZdravRad, ImePrzZdravRad, KontaktZdravRad, EmailZdravRad, Plata, DatumRodjZdravRad, MestoBoravka, DatumZaposljavanja)
VALUES (2201991720111, 'Milan Milanović', '0648887776', 'milan@email.com', '4200', '1997-01-22', 'Kragujevac', '2019-05-20');

INSERT INTO Projekat.ZdravstveniRadnik (JMBG_ZdravRad, ImePrzZdravRad, KontaktZdravRad, EmailZdravRad, Plata, DatumRodjZdravRad, MestoBoravka, DatumZaposljavanja)
VALUES (1608993853123, 'Sanja Petrović', '0654445553', 'sanja@email.com', '4800', '1993-08-16', 'Beograd', '2017-07-10');

INSERT INTO Projekat.ZdravstveniRadnik (JMBG_ZdravRad, ImePrzZdravRad, KontaktZdravRad, EmailZdravRad, Plata, DatumRodjZdravRad, MestoBoravka, DatumZaposljavanja)
VALUES (0503991780999, 'Vladimir Vladić', '0631234567', 'vladimir@email.com', '3800', '1997-03-05', 'Novi Sad', '2019-01-22');

INSERT INTO Projekat.ZdravstveniRadnik (JMBG_ZdravRad, ImePrzZdravRad, KontaktZdravRad, EmailZdravRad, Plata, DatumRodjZdravRad, MestoBoravka, DatumZaposljavanja)
VALUES (0412991870234, 'Jovana Jovanović', '0649876543', 'jovana@email.com', '4200', '1991-12-04', 'Beograd', '2020-09-10');

INSERT INTO Projekat.ZdravstveniRadnik (JMBG_ZdravRad, ImePrzZdravRad, KontaktZdravRad, EmailZdravRad, Plata, DatumRodjZdravRad, MestoBoravka, DatumZaposljavanja)
VALUES (1309992871132, 'Dragan Đorđević', '0634445556', 'dragan@email.com', '5200', '1992-09-13', 'Novi Sad', '2013-06-18');

INSERT INTO Projekat.ZdravstveniRadnik (JMBG_ZdravRad, ImePrzZdravRad, KontaktZdravRad, EmailZdravRad, Plata, DatumRodjZdravRad, MestoBoravka)
VALUES (1101007870356, 'Nataša Natašić', '0651112223', 'natasa@email.com', '3600', '1987-01-11', 'Kragujevac');


--INSERT LEKAR--

Insert into Projekat.Lekar (JMBG_ZdravRad, BrojOrdinacije)
VALUES(0101990870045, 2);

Insert into Projekat.Lekar (JMBG_ZdravRad, BrojOrdinacije)
VALUES(1002995873452, 3);

Insert into Projekat.Lekar (JMBG_ZdravRad, BrojOrdinacije)
VALUES(2209993806541, 1);

Insert into Projekat.Lekar (JMBG_ZdravRad, BrojOrdinacije)
VALUES(1909001852245, 4);

Insert into Projekat.Lekar (JMBG_ZdravRad, BrojOrdinacije)
VALUES(2507996871234, 5);

Insert into Projekat.Lekar (JMBG_ZdravRad, BrojOrdinacije)
VALUES(0405997802145, 1);

Insert into Projekat.Lekar (JMBG_ZdravRad, BrojOrdinacije)
VALUES(2708991853222, 2);

Insert into Projekat.Lekar (JMBG_ZdravRad, BrojOrdinacije)
VALUES(0901994800765, 3);

Insert into Projekat.Lekar (JMBG_ZdravRad, BrojOrdinacije)
VALUES(3112996872534, 4);

Insert into Projekat.Lekar (JMBG_ZdravRad, BrojOrdinacije)
VALUES(2201991720111, 5);

--INSERT MED. Tehnicar--

Insert into Projekat.MedicinskiTehnicar (JMBG_ZdravRad, OblastDelatnosti)
VALUES(1505985805548, 'Sprat 1');

Insert into Projekat.MedicinskiTehnicar (JMBG_ZdravRad, OblastDelatnosti)
VALUES(2010988804474, 'Sprat 2');

Insert into Projekat.MedicinskiTehnicar (JMBG_ZdravRad, OblastDelatnosti)
VALUES(1203992725578, 'Sprat 3');

Insert into Projekat.MedicinskiTehnicar (JMBG_ZdravRad, OblastDelatnosti)
VALUES(1812994826457, 'Sprat 1');

Insert into Projekat.MedicinskiTehnicar (JMBG_ZdravRad, OblastDelatnosti)
VALUES(1211000820021, 'Sprat 3');


Insert into Projekat.MedicinskiTehnicar (JMBG_ZdravRad, OblastDelatnosti)
VALUES(1101007870356, 'Sprat 1');

Insert into Projekat.MedicinskiTehnicar (JMBG_ZdravRad, OblastDelatnosti)
VALUES(1309992871132, 'Sprat 2');

Insert into Projekat.MedicinskiTehnicar (JMBG_ZdravRad, OblastDelatnosti)
VALUES(0412991870234, 'Sprat 3');

Insert into Projekat.MedicinskiTehnicar (JMBG_ZdravRad, OblastDelatnosti)
VALUES(0503991780999, 'Sprat 2');

Insert into Projekat.MedicinskiTehnicar (JMBG_ZdravRad, OblastDelatnosti)
VALUES(1608993853123, 'Sprat 3');


--INSERT Licenca--

INSERT INTO Projekat.Licenca (ID_Lic, JMBG_ZdravRad, DatumObnove, DatumIstekaLic, Zvanje, Specijalizacija, SumaBodova, SubSpecijalizacija)
VALUES (12345678901234, 0101990870045, '2022-05-15', '2024-05-15', 'Lekar', 'Kardiologija', 120, 'Intervenciona kardiologija');

INSERT INTO Projekat.Licenca (ID_Lic, JMBG_ZdravRad, DatumObnove, DatumIstekaLic, Zvanje, Specijalizacija, SumaBodova)
VALUES (23456789012345, 1002995873452, '2022-03-01', '2023-03-01', 'Lekar', 'Opšta medicina', 60);

INSERT INTO Projekat.Licenca (ID_Lic, JMBG_ZdravRad, DatumObnove, DatumIstekaLic, Zvanje, Specijalizacija, SumaBodova, SubSpecijalizacija)
VALUES (34567890123456, 2209993806541, '2022-08-10', '2023-08-10', 'Lekar', 'Ortopedija', 80, 'Sportska medicina');

INSERT INTO Projekat.Licenca (ID_Lic, JMBG_ZdravRad, DatumObnove, DatumIstekaLic, Zvanje, Specijalizacija, SumaBodova)
VALUES (45678901234567, 1909001852245, '2023-09-20', '2024-09-20', 'Lekar', 'Dermatologija', 150);

INSERT INTO Projekat.Licenca (ID_Lic, JMBG_ZdravRad, DatumObnove, DatumIstekaLic, Zvanje, Specijalizacija, SumaBodova, SubSpecijalizacija)
VALUES (56789012345678, 2507996871234, '2022-12-05', '2023-12-05', 'Lekar', 'Ginekologija', 130, 'Perinatologija');


INSERT INTO Projekat.Licenca (ID_Lic, JMBG_ZdravRad, DatumObnove, DatumIstekaLic, Zvanje, Specijalizacija, SumaBodova, SubSpecijalizacija)
VALUES (78901234567890, 0405997802145, '2022-05-15', '2024-05-15', 'Lekar', 'Kardiologija', 120, 'Intervenciona kardiologija');

INSERT INTO Projekat.Licenca (ID_Lic, JMBG_ZdravRad, DatumObnove, DatumIstekaLic, Zvanje, Specijalizacija, SumaBodova)
VALUES (89012345678901, 2708991853222, '2023-01-01', '2025-01-01', 'Lekar', 'Opšta medicina', 60);

INSERT INTO Projekat.Licenca (ID_Lic, JMBG_ZdravRad, DatumObnove, DatumIstekaLic, Zvanje, Specijalizacija, SumaBodova, SubSpecijalizacija)
VALUES (90123456789012, 0901994800765, '2023-06-01', '2025-06-10', 'Lekar', 'Ortopedija', 80, 'Sportska medicina');

INSERT INTO Projekat.Licenca (ID_Lic, JMBG_ZdravRad, DatumObnove, DatumIstekaLic, Zvanje, Specijalizacija, SumaBodova)
VALUES (01234567890123, 3112996872534, '2022-09-20', '2024-09-20', 'Lekar', 'Dermatologija', 40);

INSERT INTO Projekat.Licenca (ID_Lic, JMBG_ZdravRad, DatumObnove, DatumIstekaLic, Zvanje, Specijalizacija, SumaBodova, SubSpecijalizacija)
VALUES (12345678901234, 2201991720111, '2023-02-15', '2024-02-15', 'Lekar', 'Ginekologija', 30, 'Perinatologija');

--INSERT Institucija--

INSERT INTO Projekat.Institucija (PIB, NazivInstitucije, DelatnostInstitucije, KontaktInstitucije, AdresaInstitucije)
VALUES (123456789, 'Bolnica Novi Sad', 'Zdravstvo', 1234567890, 'Ul. Glavna 1, Novi Sad');

INSERT INTO Projekat.Institucija (PIB, NazivInstitucije, DelatnostInstitucije, KontaktInstitucije, AdresaInstitucije)
VALUES (234567890, 'Apoteka Beograd', 'Farmacija', 9876543210, 'Ul. Centralna 5, Beograd');

INSERT INTO Projekat.Institucija (PIB, NazivInstitucije, DelatnostInstitucije, KontaktInstitucije, AdresaInstitucije)
VALUES (345678901, 'Bolnica Jagodina', 'Zdravstvo', 5556667777, 'Ul. Centralna 10, Novi Sad');

INSERT INTO Projekat.Institucija (PIB, NazivInstitucije, DelatnostInstitucije, KontaktInstitucije, AdresaInstitucije)
VALUES (456789012, 'Bolnica Subotica', 'Zdravstvo', 1214217890, 'Ul. Glavna 5, Subotica');

INSERT INTO Projekat.Institucija (PIB, NazivInstitucije, DelatnostInstitucije, KontaktInstitucije, AdresaInstitucije)
VALUES (567890123, 'Laboratorija Beograd', 'Dijagnostika', 9876233210, 'Ul. Centralna 15, Beograd');


INSERT INTO Projekat.Institucija (PIB, NazivInstitucije, DelatnostInstitucije, KontaktInstitucije, AdresaInstitucije)
VALUES (678901234, 'Bolnica Kragujevac', 'Zdravstvo', 5558889999, 'Ul. Centralna 20, Kragujevac');

INSERT INTO Projekat.Institucija (PIB, NazivInstitucije, DelatnostInstitucije, KontaktInstitucije, AdresaInstitucije)
VALUES (789012345, 'Apoteka Novi Sad', 'Farmacija', 1212121212, 'Ul. Glavna 10, Novi Sad');

INSERT INTO Projekat.Institucija (PIB, NazivInstitucije, DelatnostInstitucije, KontaktInstitucije, AdresaInstitucije)
VALUES (890123456, 'Dom zdravlja Niš', 'Zdravstvo', 7778889999, 'Ul. Centralna 25, Niš');

INSERT INTO Projekat.Institucija (PIB, NazivInstitucije, DelatnostInstitucije, KontaktInstitucije, AdresaInstitucije)
VALUES (901234567, 'Bolnica Zrenjanin', 'Zdravstvo', 4445556666, 'Ul. Glavna 15, Zrenjanin');

INSERT INTO Projekat.Institucija (PIB, NazivInstitucije, DelatnostInstitucije, KontaktInstitucije, AdresaInstitucije)
VALUES (012345678, 'Laboratorija Novi Sad', 'Dijagnostika', 1212123456, 'Ul. Centralna 30, Novi Sad');

-- INSERT Seminar--

INSERT INTO Projekat.Seminar (ID_Seminar, BrojBodova, TemaSeminara, NazivSeminara, DatumPocetkaSem, DatumZavrsetkaSem)
VALUES (1, 7, N'Nove tehnologije u medicini', 'Medicinski kongres 2023', '2023-10-15', '2023-10-18');

INSERT INTO Projekat.Seminar (ID_Seminar, BrojBodova, TemaSeminara, NazivSeminara, DatumPocetkaSem, DatumZavrsetkaSem)
VALUES (2, 5, N'Prevencija bolesti', 'Zdravlje za sve', '2023-11-01', '2023-11-02');

INSERT INTO Projekat.Seminar (ID_Seminar, BrojBodova, TemaSeminara, NazivSeminara, DatumPocetkaSem, DatumZavrsetkaSem)
VALUES (5, 6, N'Dijagnostika u onkologiji', 'Onkološki simpozijum', '2023-09-20', '2023-09-22');

INSERT INTO Projekat.Seminar (ID_Seminar, BrojBodova, TemaSeminara, NazivSeminara, DatumPocetkaSem, DatumZavrsetkaSem)
VALUES (3, 7, N'Inovacije u farmaceutskoj industriji', 'Farmaceutski kongres 2023', '2023-12-10', '2023-12-11');

INSERT INTO Projekat.Seminar (ID_Seminar, BrojBodova, TemaSeminara, NazivSeminara, DatumPocetkaSem, DatumZavrsetkaSem)
VALUES (4, 6, N'Primena veštačke inteligencije u medicini', 'Medicinski IT seminar', '2023-11-20', '2023-11-22');


INSERT INTO Projekat.Seminar (ID_Seminar, BrojBodova, TemaSeminara, NazivSeminara, DatumPocetkaSem, DatumZavrsetkaSem)
VALUES (6, 4, N'Savremeni trendovi u stomatologiji', 'Stomatološki simpozijum', '2023-10-10', '2023-10-12');

INSERT INTO Projekat.Seminar (ID_Seminar, BrojBodova, TemaSeminara, NazivSeminara, DatumPocetkaSem, DatumZavrsetkaSem)
VALUES (7, 3, N'Psihološka podrška pacijentima', 'Psihologija u medicini', '2023-11-05', '2023-11-06');

INSERT INTO Projekat.Seminar (ID_Seminar, BrojBodova, TemaSeminara, NazivSeminara, DatumPocetkaSem, DatumZavrsetkaSem)
VALUES (8, 5, N'Inovativne terapije u neurologiji', 'Neurološki kongres 2023', '2023-09-25', '2023-09-27');

INSERT INTO Projekat.Seminar (ID_Seminar, BrojBodova, TemaSeminara, NazivSeminara, DatumPocetkaSem, DatumZavrsetkaSem)
VALUES (9, 7, N'Primena genetskih testova u dijagnostici', 'Genetski simpozijum', '2023-12-05', '2023-12-07');

INSERT INTO Projekat.Seminar (ID_Seminar, BrojBodova, TemaSeminara, NazivSeminara, DatumPocetkaSem, DatumZavrsetkaSem)
VALUES (10, 6, N'Nutricionizam i zdravlje', 'Dijetetika konferencija', '2023-11-15', '2023-11-16');

--Insert Organizuje--

INSERT INTO Projekat.Organizuje (ID_Seminar, PIB)
VALUES (1, 123456789);

INSERT INTO Projekat.Organizuje (ID_Seminar, PIB)
VALUES (2, 234567890);

INSERT INTO Projekat.Organizuje (ID_Seminar, PIB)
VALUES (3, 345678901);

INSERT INTO Projekat.Organizuje (ID_Seminar, PIB)
VALUES (4, 456789012);

INSERT INTO Projekat.Organizuje (ID_Seminar, PIB)
VALUES (2, 567890123);


INSERT INTO Projekat.Organizuje (ID_Seminar, PIB)
VALUES (6, 678901234);

INSERT INTO Projekat.Organizuje (ID_Seminar, PIB)
VALUES (7, 789012345);

INSERT INTO Projekat.Organizuje (ID_Seminar, PIB)
VALUES (8, 890123456);

INSERT INTO Projekat.Organizuje (ID_Seminar, PIB)
VALUES (9, 901234567);

INSERT INTO Projekat.Organizuje (ID_Seminar, PIB)
VALUES (10, 012345678);

--INSERT RadniKalendar

INSERT INTO Projekat.RadniKalendar (ID_RadniKalendar, Datum)
VALUES (1, '2023-09-01');

INSERT INTO Projekat.RadniKalendar (ID_RadniKalendar, Datum)
VALUES (2, '2023-09-02');

INSERT INTO Projekat.RadniKalendar (ID_RadniKalendar, Datum)
VALUES (3, '2023-09-03');

INSERT INTO Projekat.RadniKalendar (ID_RadniKalendar, Datum)
VALUES (4, '2023-09-04');

INSERT INTO Projekat.RadniKalendar (ID_RadniKalendar, Datum)
VALUES (5, '2023-09-05');

-- INSERT Smena

INSERT INTO Projekat.Smena (RBR_Smena, VremeOd, VremeDo)
VALUES (1, '08:00:00', '16:00:00');

INSERT INTO Projekat.Smena (RBR_Smena, VremeOd, VremeDo)
VALUES (2, '16:00:00', '00:00:00');

INSERT INTO Projekat.Smena (RBR_Smena, VremeOd, VremeDo)
VALUES (3, '00:00:00', '08:00:00');

-- INSERT Termin

INSERT INTO Projekat.Termin (ID_Termin, RBR_Smena, DatumZakazivanja, VremePocetka, VremeZavrsetka)
VALUES (1, 1, '2023-09-01', '08:00:00', '08:20:00');

INSERT INTO Projekat.Termin (ID_Termin, RBR_Smena, DatumZakazivanja, VremePocetka, VremeZavrsetka)
VALUES (6, 1, '2023-09-01', '08:20:00', '08:40:00');

INSERT INTO Projekat.Termin (ID_Termin, RBR_Smena, DatumZakazivanja, VremePocetka, VremeZavrsetka)
VALUES (7, 1, '2023-09-01', '08:40:00', '09:00:00');

INSERT INTO Projekat.Termin (ID_Termin, RBR_Smena, DatumZakazivanja, VremePocetka, VremeZavrsetka)
VALUES (2, 2, '2023-09-02', '16:00:00', '16:20:00');

INSERT INTO Projekat.Termin (ID_Termin, RBR_Smena, DatumZakazivanja, VremePocetka, VremeZavrsetka)
VALUES (3, 3, '2023-09-03', '00:00:00', '00:20:00');

INSERT INTO Projekat.Termin (ID_Termin, RBR_Smena, DatumZakazivanja, VremePocetka, VremeZavrsetka)
VALUES (4, 1, '2023-09-04', '08:00:00', '08:20:00');

INSERT INTO Projekat.Termin (ID_Termin, RBR_Smena, DatumZakazivanja, VremePocetka, VremeZavrsetka)
VALUES (5, 2, '2023-09-05', '16:00:00', '16:20:00');

--Insert Pripada_Danu--

INSERT INTO Projekat.Pripada_Danu (ID_RadniKalendar, ID_Termin, RBR_Smena)
VALUES (1, 1, 1);

INSERT INTO Projekat.Pripada_Danu (ID_RadniKalendar, ID_Termin, RBR_Smena)
VALUES (3, 6, 1);

INSERT INTO Projekat.Pripada_Danu (ID_RadniKalendar, ID_Termin, RBR_Smena)
VALUES (2, 7, 1);

INSERT INTO Projekat.Pripada_Danu (ID_RadniKalendar, ID_Termin, RBR_Smena)
VALUES (2, 2, 2);

INSERT INTO Projekat.Pripada_Danu (ID_RadniKalendar, ID_Termin, RBR_Smena)
VALUES (3, 3, 3);

INSERT INTO Projekat.Pripada_Danu (ID_RadniKalendar, ID_Termin, RBR_Smena)
VALUES (4, 4, 1);

INSERT INTO Projekat.Pripada_Danu (ID_RadniKalendar, ID_Termin, RBR_Smena)
VALUES (5, 5, 2);

--Insert Pohadja--

INSERT INTO Projekat.Pohadja (JMBG_ZdravRad, ID_Seminar)
Values (0101990870045, 3);

INSERT INTO Projekat.Pohadja (JMBG_ZdravRad, ID_Seminar)
Values (1505985805548, 2);

INSERT INTO Projekat.Pohadja (JMBG_ZdravRad, ID_Seminar)
Values (1002995873452, 1);

INSERT INTO Projekat.Pohadja (JMBG_ZdravRad, ID_Seminar)
Values (2209993806541, 1);

INSERT INTO Projekat.Pohadja (JMBG_ZdravRad, ID_Seminar)
Values (1211000820021, 4);

INSERT INTO Projekat.Pohadja (JMBG_ZdravRad, ID_Seminar)
Values (1211000820021, 5);


INSERT INTO Projekat.Pohadja (JMBG_ZdravRad, ID_Seminar)
Values (2201991720111, 6);

INSERT INTO Projekat.Pohadja (JMBG_ZdravRad, ID_Seminar)
Values (2209993806541, 7);

INSERT INTO Projekat.Pohadja (JMBG_ZdravRad, ID_Seminar)
Values (0101990870045, 8);

INSERT INTO Projekat.Pohadja (JMBG_ZdravRad, ID_Seminar)
Values (2201991720111, 8);

INSERT INTO Projekat.Pohadja (JMBG_ZdravRad, ID_Seminar)
Values (3112996872534, 8);

INSERT INTO Projekat.Pohadja (JMBG_ZdravRad, ID_Seminar)
Values (2209993806541, 9);

INSERT INTO Projekat.Pohadja (JMBG_ZdravRad, ID_Seminar)
Values (2209993806541, 10);

INSERT INTO Projekat.Pohadja (JMBG_ZdravRad, ID_Seminar)
Values (3112996872534, 10);



INSERT INTO Projekat.Pohadja (JMBG_ZdravRad, ID_Seminar)
Values (0901994800765, 1);

--Insert Radi_Tokom--

INSERT INTO Projekat.Radi_Tokom (JMBG_ZdravRad, ID_RadniKalendar)
Values (0101990870045, 1);

INSERT INTO Projekat.Radi_Tokom (JMBG_ZdravRad, ID_RadniKalendar)
Values (2209993806541, 4);

INSERT INTO Projekat.Radi_Tokom (JMBG_ZdravRad, ID_RadniKalendar)
Values (1909001852245, 3);

INSERT INTO Projekat.Radi_Tokom (JMBG_ZdravRad, ID_RadniKalendar)
Values (1002995873452, 2);

INSERT INTO Projekat.Radi_Tokom (JMBG_ZdravRad, ID_RadniKalendar)
Values (2507996871234, 1);